-- phpMyAdmin SQL Dump
-- version 5.2.0
-- https://www.phpmyadmin.net/
--
-- Host: 127.0.0.1
-- Waktu pembuatan: 29 Sep 2023 pada 12.07
-- Versi server: 10.4.24-MariaDB
-- Versi PHP: 8.0.19

SET SQL_MODE = "NO_AUTO_VALUE_ON_ZERO";
START TRANSACTION;
SET time_zone = "+00:00";


/*!40101 SET @OLD_CHARACTER_SET_CLIENT=@@CHARACTER_SET_CLIENT */;
/*!40101 SET @OLD_CHARACTER_SET_RESULTS=@@CHARACTER_SET_RESULTS */;
/*!40101 SET @OLD_COLLATION_CONNECTION=@@COLLATION_CONNECTION */;
/*!40101 SET NAMES utf8mb4 */;

--
-- Database: `laundry`
--

-- --------------------------------------------------------

--
-- Struktur dari tabel `detail_transaksi`
--

CREATE TABLE `detail_transaksi` (
  `id_detail_transaksi` int(11) NOT NULL,
  `id_transaksi` int(11) NOT NULL,
  `id_paket` int(11) NOT NULL,
  `qty` int(11) NOT NULL
) ENGINE=InnoDB DEFAULT CHARSET=utf8mb4;

--
-- Dumping data untuk tabel `detail_transaksi`
--

INSERT INTO `detail_transaksi` (`id_detail_transaksi`, `id_transaksi`, `id_paket`, `qty`) VALUES
(13, 11, 7, 1),
(14, 11, 20, 1),
(15, 12, 7, 1),
(16, 13, 7, 2),
(17, 14, 20, 2),
(18, 15, 20, 1);

-- --------------------------------------------------------

--
-- Struktur dari tabel `member`
--

CREATE TABLE `member` (
  `id_member` int(11) NOT NULL,
  `nama_member` varchar(100) NOT NULL,
  `alamat` text NOT NULL,
  `jenis_kelamin` enum('L','P') NOT NULL,
  `tlp` varchar(15) NOT NULL
) ENGINE=InnoDB DEFAULT CHARSET=utf8mb4;

--
-- Dumping data untuk tabel `member`
--

INSERT INTO `member` (`id_member`, `nama_member`, `alamat`, `jenis_kelamin`, `tlp`) VALUES
(4, 'Rajaka Hajam', 'Jl.Pamaka', 'L', '089675340193'),
(5, 'Hajam Rajaka', 'Jl.kopa', 'L', '089438271827'),
(6, 'Rajaka Haj', 'Jl.kmt', 'L', '089675340193');

-- --------------------------------------------------------

--
-- Struktur dari tabel `outlet`
--

CREATE TABLE `outlet` (
  `id_outlet` int(11) NOT NULL,
  `nama_outlet` varchar(100) NOT NULL,
  `alamat` text NOT NULL,
  `tlp` varchar(15) NOT NULL
) ENGINE=InnoDB DEFAULT CHARSET=utf8mb4;

--
-- Dumping data untuk tabel `outlet`
--

INSERT INTO `outlet` (`id_outlet`, `nama_outlet`, `alamat`, `tlp`) VALUES
(2, 'Laundry Dani', 'Jl.Loctus', '08923458203'),
(3, 'Laundry Andi', 'Jl.Kopika', '089675340193');

-- --------------------------------------------------------

--
-- Struktur dari tabel `paket`
--

CREATE TABLE `paket` (
  `id_paket` int(11) NOT NULL,
  `id_outlet` int(11) NOT NULL,
  `nama_paket` varchar(100) NOT NULL,
  `harga` varchar(255) NOT NULL
) ENGINE=InnoDB DEFAULT CHARSET=utf8mb4;

--
-- Dumping data untuk tabel `paket`
--

INSERT INTO `paket` (`id_paket`, `id_outlet`, `nama_paket`, `harga`) VALUES
(7, 2, 'Laundry selimut', '10.000'),
(20, 2, 'h', '120.000');

-- --------------------------------------------------------

--
-- Struktur dari tabel `transaksi`
--

CREATE TABLE `transaksi` (
  `id_transaksi` int(11) NOT NULL,
  `id_outlet` int(11) NOT NULL,
  `id_member` int(11) NOT NULL,
  `tgl` datetime NOT NULL,
  `batas_waktu` datetime NOT NULL,
  `status` enum('baru','dibayar','diproses','diambil') NOT NULL,
  `dibayar` enum('dibayar','belum_dibayar') NOT NULL,
  `id_user` int(11) NOT NULL
) ENGINE=InnoDB DEFAULT CHARSET=utf8mb4;

--
-- Dumping data untuk tabel `transaksi`
--

INSERT INTO `transaksi` (`id_transaksi`, `id_outlet`, `id_member`, `tgl`, `batas_waktu`, `status`, `dibayar`, `id_user`) VALUES
(11, 2, 4, '2022-11-08 07:49:59', '2022-11-11 07:49:59', 'diambil', 'dibayar', 13),
(12, 2, 4, '2022-11-14 07:01:20', '2022-11-17 07:01:20', 'dibayar', 'dibayar', 13),
(13, 2, 5, '2022-11-14 07:05:42', '2022-11-17 07:05:42', 'diproses', 'dibayar', 13),
(14, 2, 6, '2022-11-14 07:14:15', '2022-11-17 07:14:15', 'baru', 'belum_dibayar', 13),
(15, 2, 4, '2023-06-09 15:02:39', '2023-06-12 15:02:39', 'baru', 'belum_dibayar', 13);

-- --------------------------------------------------------

--
-- Struktur dari tabel `user`
--

CREATE TABLE `user` (
  `id_user` int(11) NOT NULL,
  `nama_user` varchar(100) NOT NULL,
  `username` varchar(30) NOT NULL,
  `password` text NOT NULL,
  `id_outlet` int(11) NOT NULL,
  `role` enum('admin','kasir','owner') NOT NULL
) ENGINE=InnoDB DEFAULT CHARSET=utf8mb4;

--
-- Dumping data untuk tabel `user`
--

INSERT INTO `user` (`id_user`, `nama_user`, `username`, `password`, `id_outlet`, `role`) VALUES
(13, 'Agung Ramadhan', 'admin', '202cb962ac59075b964b07152d234b70', 2, 'admin');

--
-- Indexes for dumped tables
--

--
-- Indeks untuk tabel `detail_transaksi`
--
ALTER TABLE `detail_transaksi`
  ADD PRIMARY KEY (`id_detail_transaksi`),
  ADD KEY `id_transaksi` (`id_transaksi`),
  ADD KEY `id_paket` (`id_paket`);

--
-- Indeks untuk tabel `member`
--
ALTER TABLE `member`
  ADD PRIMARY KEY (`id_member`);

--
-- Indeks untuk tabel `outlet`
--
ALTER TABLE `outlet`
  ADD PRIMARY KEY (`id_outlet`);

--
-- Indeks untuk tabel `paket`
--
ALTER TABLE `paket`
  ADD PRIMARY KEY (`id_paket`),
  ADD KEY `id_outlet` (`id_outlet`);

--
-- Indeks untuk tabel `transaksi`
--
ALTER TABLE `transaksi`
  ADD PRIMARY KEY (`id_transaksi`),
  ADD KEY `id_outlet` (`id_outlet`),
  ADD KEY `id_user` (`id_user`),
  ADD KEY `id_user_2` (`id_user`),
  ADD KEY `id_member` (`id_member`);

--
-- Indeks untuk tabel `user`
--
ALTER TABLE `user`
  ADD PRIMARY KEY (`id_user`),
  ADD KEY `id_outlet` (`id_outlet`);

--
-- AUTO_INCREMENT untuk tabel yang dibuang
--

--
-- AUTO_INCREMENT untuk tabel `detail_transaksi`
--
ALTER TABLE `detail_transaksi`
  MODIFY `id_detail_transaksi` int(11) NOT NULL AUTO_INCREMENT, AUTO_INCREMENT=19;

--
-- AUTO_INCREMENT untuk tabel `member`
--
ALTER TABLE `member`
  MODIFY `id_member` int(11) NOT NULL AUTO_INCREMENT, AUTO_INCREMENT=7;

--
-- AUTO_INCREMENT untuk tabel `outlet`
--
ALTER TABLE `outlet`
  MODIFY `id_outlet` int(11) NOT NULL AUTO_INCREMENT, AUTO_INCREMENT=5;

--
-- AUTO_INCREMENT untuk tabel `paket`
--
ALTER TABLE `paket`
  MODIFY `id_paket` int(11) NOT NULL AUTO_INCREMENT, AUTO_INCREMENT=21;

--
-- AUTO_INCREMENT untuk tabel `transaksi`
--
ALTER TABLE `transaksi`
  MODIFY `id_transaksi` int(11) NOT NULL AUTO_INCREMENT, AUTO_INCREMENT=16;

--
-- AUTO_INCREMENT untuk tabel `user`
--
ALTER TABLE `user`
  MODIFY `id_user` int(11) NOT NULL AUTO_INCREMENT, AUTO_INCREMENT=14;

--
-- Ketidakleluasaan untuk tabel pelimpahan (Dumped Tables)
--

--
-- Ketidakleluasaan untuk tabel `detail_transaksi`
--
ALTER TABLE `detail_transaksi`
  ADD CONSTRAINT `detail_transaksi_ibfk_1` FOREIGN KEY (`id_paket`) REFERENCES `paket` (`id_paket`) ON DELETE CASCADE ON UPDATE CASCADE,
  ADD CONSTRAINT `detail_transaksi_ibfk_2` FOREIGN KEY (`id_transaksi`) REFERENCES `transaksi` (`id_transaksi`) ON DELETE CASCADE ON UPDATE CASCADE;

--
-- Ketidakleluasaan untuk tabel `paket`
--
ALTER TABLE `paket`
  ADD CONSTRAINT `paket_ibfk_1` FOREIGN KEY (`id_outlet`) REFERENCES `outlet` (`id_outlet`) ON DELETE CASCADE ON UPDATE CASCADE;

--
-- Ketidakleluasaan untuk tabel `transaksi`
--
ALTER TABLE `transaksi`
  ADD CONSTRAINT `transaksi_ibfk_1` FOREIGN KEY (`id_member`) REFERENCES `member` (`id_member`) ON DELETE CASCADE ON UPDATE CASCADE,
  ADD CONSTRAINT `transaksi_ibfk_2` FOREIGN KEY (`id_user`) REFERENCES `user` (`id_user`) ON DELETE CASCADE ON UPDATE CASCADE,
  ADD CONSTRAINT `transaksi_ibfk_3` FOREIGN KEY (`id_outlet`) REFERENCES `outlet` (`id_outlet`) ON DELETE CASCADE ON UPDATE CASCADE;

--
-- Ketidakleluasaan untuk tabel `user`
--
ALTER TABLE `user`
  ADD CONSTRAINT `user_ibfk_1` FOREIGN KEY (`id_outlet`) REFERENCES `outlet` (`id_outlet`) ON DELETE CASCADE ON UPDATE CASCADE;
COMMIT;

/*!40101 SET CHARACTER_SET_CLIENT=@OLD_CHARACTER_SET_CLIENT */;
/*!40101 SET CHARACTER_SET_RESULTS=@OLD_CHARACTER_SET_RESULTS */;
/*!40101 SET COLLATION_CONNECTION=@OLD_COLLATION_CONNECTION */;
